{
  "project_info": {
    "project_number": "332415444854",
    "firebase_url": "https://zulkarnainprak8-default-rtdb.asia-southeast1.firebasedatabase.app",
    "project_id": "zulkarnainprak8",
    "storage_bucket": "zulkarnainprak8.firebasestorage.app"
  },
  "client": [
    {
      "client_info": {
        "mobilesdk_app_id": "1:332415444854:android:2220446178b37e4ce87c57",
        "android_client_info": {
          "package_name": "com.prak8.firebaseapp"
        }
      },
      "oauth_client": [],
      "api_key": [
        {
          "current_key": "AIzaSyDthFZ79e5_WJOfEgJnpN18vyFAxUVU35A"
        }
      ],
      "services": {
        "appinvite_service": {
          "other_platform_oauth_client": []
        }
      }
    }
  ],
  "configuration_version": "1"
}